,Relative_Compactness,Surface_Area,Wall_Area,Roof_Area,Orientation,Glazing_Area,Glazing_Area_Distribution,Heating_Load,Cooling_Load,Storey
0,98,514.5,294.0,110.25,North,0,Not Glazed,15.55,21.33,2
1,98,514.5,294.0,110.25,East,0,Not Glazed,15.55,21.33,2
2,98,514.5,294.0,110.25,South,0,Not Glazed,15.55,21.33,2
3,98,514.5,294.0,110.25,West,0,Not Glazed,15.55,21.33,2
4,90,563.5,318.5,122.5,North,0,Not Glazed,20.84,28.28,2
5,90,563.5,318.5,122.5,East,0,Not Glazed,21.46,25.38,2
6,90,563.5,318.5,122.5,South,0,Not Glazed,20.71,25.16,2
7,90,563.5,318.5,122.5,West,0,Not Glazed,19.68,29.6,2
8,86,588.0,294.0,147.0,North,0,Not Glazed,19.5,27.3,2
9,86,588.0,294.0,147.0,East,0,Not Glazed,19.95,21.97,2
10,86,588.0,294.0,147.0,South,0,Not Glazed,19.34,23.49,2
11,86,588.0,294.0,147.0,West,0,Not Glazed,18.31,27.87,2
12,82,612.5,318.5,147.0,North,0,Not Glazed,17.05,23.77,2
13,82,612.5,318.5,147.0,East,0,Not Glazed,17.41,21.46,2
14,82,612.5,318.5,147.0,South,0,Not Glazed,16.95,21.16,2
15,82,612.5,318.5,147.0,West,0,Not Glazed,15.98,24.93,2
16,79,637.0,343.0,147.0,North,0,Not Glazed,28.52,37.73,2
17,79,637.0,343.0,147.0,East,0,Not Glazed,29.9,31.27,2
18,79,637.0,343.0,147.0,South,0,Not Glazed,29.63,30.93,2
19,79,637.0,343.0,147.0,West,0,Not Glazed,28.75,39.44,2
20,76,661.5,416.5,122.5,North,0,Not Glazed,24.77,29.79,2
21,76,661.5,416.5,122.5,East,0,Not Glazed,23.93,29.68,2
22,76,661.5,416.5,122.5,South,0,Not Glazed,24.77,29.79,2
23,76,661.5,416.5,122.5,West,0,Not Glazed,23.93,29.4,2
24,74,686.0,245.0,220.5,North,0,Not Glazed,6.07,10.9,1
25,74,686.0,245.0,220.5,East,0,Not Glazed,6.05,11.19,1
26,74,686.0,245.0,220.5,South,0,Not Glazed,6.01,10.94,1
27,74,686.0,245.0,220.5,West,0,Not Glazed,6.04,11.17,1
28,71,710.5,269.5,220.5,North,0,Not Glazed,6.37,11.27,1
29,71,710.5,269.5,220.5,East,0,Not Glazed,6.4,11.72,1
30,71,710.5,269.5,220.5,South,0,Not Glazed,6.37,11.29,1
31,71,710.5,269.5,220.5,West,0,Not Glazed,6.4,11.67,1
32,69,735.0,294.0,220.5,North,0,Not Glazed,6.85,11.74,1
33,69,735.0,294.0,220.5,East,0,Not Glazed,6.79,12.05,1
34,69,735.0,294.0,220.5,South,0,Not Glazed,6.77,11.73,1
35,69,735.0,294.0,220.5,West,0,Not Glazed,6.81,11.93,1
36,66,759.5,318.5,220.5,North,0,Not Glazed,7.18,12.4,1
37,66,759.5,318.5,220.5,East,0,Not Glazed,7.1,12.23,1
38,66,759.5,318.5,220.5,South,0,Not Glazed,7.1,12.4,1
39,66,759.5,318.5,220.5,West,0,Not Glazed,7.1,12.14,1
40,64,784.0,343.0,220.5,North,0,Not Glazed,10.85,16.78,1
41,64,784.0,343.0,220.5,East,0,Not Glazed,10.54,16.8,1
42,64,784.0,343.0,220.5,South,0,Not Glazed,10.77,16.75,1
43,64,784.0,343.0,220.5,West,0,Not Glazed,10.56,16.67,1
44,62,808.5,367.5,220.5,North,0,Not Glazed,8.6,12.07,1
45,62,808.5,367.5,220.5,East,0,Not Glazed,8.49,12.22,1
46,62,808.5,367.5,220.5,South,0,Not Glazed,8.45,12.08,1
47,62,808.5,367.5,220.5,West,0,Not Glazed,8.5,12.04,1
48,98,514.5,294.0,110.25,North,10,Uniform,24.58,26.47,2
49,98,514.5,294.0,110.25,East,10,Uniform,24.63,26.37,2
50,98,514.5,294.0,110.25,South,10,Uniform,24.63,26.44,2
51,98,514.5,294.0,110.25,West,10,Uniform,24.59,26.29,2
52,90,563.5,318.5,122.5,North,10,Uniform,29.03,32.92,2
53,90,563.5,318.5,122.5,East,10,Uniform,29.87,29.87,2
54,90,563.5,318.5,122.5,South,10,Uniform,29.14,29.58,2
55,90,563.5,318.5,122.5,West,10,Uniform,28.09,34.33,2
56,86,588.0,294.0,147.0,North,10,Uniform,26.28,30.89,2
57,86,588.0,294.0,147.0,East,10,Uniform,26.91,25.6,2
58,86,588.0,294.0,147.0,South,10,Uniform,26.37,27.03,2
59,86,588.0,294.0,147.0,West,10,Uniform,25.27,31.73,2
60,82,612.5,318.5,147.0,North,10,Uniform,23.53,27.31,2
61,82,612.5,318.5,147.0,East,10,Uniform,24.03,24.91,2
62,82,612.5,318.5,147.0,South,10,Uniform,23.54,24.61,2
63,82,612.5,318.5,147.0,West,10,Uniform,22.58,28.51,2
64,79,637.0,343.0,147.0,North,10,Uniform,35.56,41.68,2
65,79,637.0,343.0,147.0,East,10,Uniform,37.12,35.28,2
66,79,637.0,343.0,147.0,South,10,Uniform,36.9,34.43,2
67,79,637.0,343.0,147.0,West,10,Uniform,35.94,43.33,2
68,76,661.5,416.5,122.5,North,10,Uniform,32.96,33.87,2
69,76,661.5,416.5,122.5,East,10,Uniform,32.12,34.07,2
70,76,661.5,416.5,122.5,South,10,Uniform,32.94,34.14,2
71,76,661.5,416.5,122.5,West,10,Uniform,32.21,33.67,2
72,74,686.0,245.0,220.5,North,10,Uniform,10.36,13.43,1
73,74,686.0,245.0,220.5,East,10,Uniform,10.43,13.71,1
74,74,686.0,245.0,220.5,South,10,Uniform,10.36,13.48,1
75,74,686.0,245.0,220.5,West,10,Uniform,10.39,13.7,1
76,71,710.5,269.5,220.5,North,10,Uniform,10.71,13.8,1
77,71,710.5,269.5,220.5,East,10,Uniform,10.8,14.28,1
78,71,710.5,269.5,220.5,South,10,Uniform,10.7,13.87,1
79,71,710.5,269.5,220.5,West,10,Uniform,10.75,14.27,1
80,69,735.0,294.0,220.5,North,10,Uniform,11.11,14.28,1
81,69,735.0,294.0,220.5,East,10,Uniform,11.13,14.61,1
82,69,735.0,294.0,220.5,South,10,Uniform,11.09,14.3,1
83,69,735.0,294.0,220.5,West,10,Uniform,11.16,14.45,1
84,66,759.5,318.5,220.5,North,10,Uniform,11.68,13.9,1
85,66,759.5,318.5,220.5,East,10,Uniform,11.69,13.72,1
86,66,759.5,318.5,220.5,South,10,Uniform,11.7,13.88,1
87,66,759.5,318.5,220.5,West,10,Uniform,11.69,13.65,1
88,64,784.0,343.0,220.5,North,10,Uniform,15.41,19.37,1
89,64,784.0,343.0,220.5,East,10,Uniform,15.2,19.43,1
90,64,784.0,343.0,220.5,South,10,Uniform,15.42,19.34,1
91,64,784.0,343.0,220.5,West,10,Uniform,15.21,19.32,1
92,62,808.5,367.5,220.5,North,10,Uniform,12.96,14.34,1
93,62,808.5,367.5,220.5,East,10,Uniform,12.97,14.5,1
94,62,808.5,367.5,220.5,South,10,Uniform,12.93,14.33,1
95,62,808.5,367.5,220.5,West,10,Uniform,13.02,14.27,1
96,98,514.5,294.0,110.25,North,10,Northward,24.29,25.95,2
97,98,514.5,294.0,110.25,East,10,Northward,24.31,25.63,2
98,98,514.5,294.0,110.25,South,10,Northward,24.13,26.13,2
99,98,514.5,294.0,110.25,West,10,Northward,24.25,25.89,2
100,90,563.5,318.5,122.5,North,10,Northward,28.88,32.54,2
101,90,563.5,318.5,122.5,East,10,Northward,29.68,29.44,2
102,90,563.5,318.5,122.5,South,10,Northward,28.83,29.36,2
103,90,563.5,318.5,122.5,West,10,Northward,27.9,34.2,2
104,86,588.0,294.0,147.0,North,10,Northward,26.48,30.91,2
105,86,588.0,294.0,147.0,East,10,Northward,27.02,25.63,2
106,86,588.0,294.0,147.0,South,10,Northward,26.33,27.36,2
107,86,588.0,294.0,147.0,West,10,Northward,25.36,31.9,2
108,82,612.5,318.5,147.0,North,10,Northward,23.75,27.38,2
109,82,612.5,318.5,147.0,East,10,Northward,24.23,25.02,2
110,82,612.5,318.5,147.0,South,10,Northward,23.67,24.8,2
111,82,612.5,318.5,147.0,West,10,Northward,22.79,28.79,2
112,79,637.0,343.0,147.0,North,10,Northward,35.65,41.07,2
113,79,637.0,343.0,147.0,East,10,Northward,37.26,34.62,2
114,79,637.0,343.0,147.0,South,10,Northward,36.97,33.87,2
115,79,637.0,343.0,147.0,West,10,Northward,36.03,42.86,2
116,76,661.5,416.5,122.5,North,10,Northward,33.16,33.91,2
117,76,661.5,416.5,122.5,East,10,Northward,32.4,34.07,2
118,76,661.5,416.5,122.5,South,10,Northward,33.12,34.17,2
119,76,661.5,416.5,122.5,West,10,Northward,32.41,33.78,2
120,74,686.0,245.0,220.5,North,10,Northward,10.42,13.39,1
121,74,686.0,245.0,220.5,East,10,Northward,10.46,13.72,1
122,74,686.0,245.0,220.5,South,10,Northward,10.32,13.57,1
123,74,686.0,245.0,220.5,West,10,Northward,10.45,13.79,1
124,71,710.5,269.5,220.5,North,10,Northward,10.64,13.67,1
125,71,710.5,269.5,220.5,East,10,Northward,10.72,14.11,1
126,71,710.5,269.5,220.5,South,10,Northward,10.55,13.8,1
127,71,710.5,269.5,220.5,West,10,Northward,10.68,14.21,1
128,69,735.0,294.0,220.5,North,10,Northward,11.45,13.2,1
129,69,735.0,294.0,220.5,East,10,Northward,11.46,13.54,1
130,69,735.0,294.0,220.5,South,10,Northward,11.32,13.32,1
131,69,735.0,294.0,220.5,West,10,Northward,11.49,13.51,1
132,66,759.5,318.5,220.5,North,10,Northward,11.45,14.86,1
133,66,759.5,318.5,220.5,East,10,Northward,11.42,14.75,1
134,66,759.5,318.5,220.5,South,10,Northward,11.33,15.0,1
135,66,759.5,318.5,220.5,West,10,Northward,11.43,14.74,1
136,64,784.0,343.0,220.5,North,10,Northward,15.41,19.23,1
137,64,784.0,343.0,220.5,East,10,Northward,15.18,19.34,1
138,64,784.0,343.0,220.5,South,10,Northward,15.34,19.32,1
139,64,784.0,343.0,220.5,West,10,Northward,15.19,19.3,1
140,62,808.5,367.5,220.5,North,10,Northward,12.88,14.37,1
141,62,808.5,367.5,220.5,East,10,Northward,13.0,14.57,1
142,62,808.5,367.5,220.5,South,10,Northward,12.97,14.27,1
143,62,808.5,367.5,220.5,West,10,Northward,13.04,14.24,1
144,98,514.5,294.0,110.25,North,10,Eastward,24.28,25.68,2
145,98,514.5,294.0,110.25,East,10,Eastward,24.4,26.02,2
146,98,514.5,294.0,110.25,South,10,Eastward,24.11,25.84,2
147,98,514.5,294.0,110.25,West,10,Eastward,24.35,26.14,2
148,90,563.5,318.5,122.5,North,10,Eastward,28.07,34.14,2
149,90,563.5,318.5,122.5,East,10,Eastward,29.01,32.85,2
150,90,563.5,318.5,122.5,South,10,Eastward,29.62,30.08,2
151,90,563.5,318.5,122.5,West,10,Eastward,29.05,29.67,2
152,86,588.0,294.0,147.0,North,10,Eastward,25.41,31.73,2
153,86,588.0,294.0,147.0,East,10,Eastward,26.47,31.01,2
154,86,588.0,294.0,147.0,South,10,Eastward,26.89,25.9,2
155,86,588.0,294.0,147.0,West,10,Eastward,26.46,27.4,2
156,82,612.5,318.5,147.0,North,10,Eastward,22.93,28.68,2
157,82,612.5,318.5,147.0,East,10,Eastward,23.84,27.54,2
158,82,612.5,318.5,147.0,South,10,Eastward,24.17,25.35,2
159,82,612.5,318.5,147.0,West,10,Eastward,23.87,24.93,2
160,79,637.0,343.0,147.0,North,10,Eastward,35.78,43.12,2
161,79,637.0,343.0,147.0,East,10,Eastward,35.48,41.22,2
162,79,637.0,343.0,147.0,South,10,Eastward,36.97,35.1,2
163,79,637.0,343.0,147.0,West,10,Eastward,36.7,34.29,2
164,76,661.5,416.5,122.5,North,10,Eastward,32.52,33.85,2
165,76,661.5,416.5,122.5,East,10,Eastward,33.28,34.11,2
166,76,661.5,416.5,122.5,South,10,Eastward,32.33,34.48,2
167,76,661.5,416.5,122.5,West,10,Eastward,33.24,34.5,2
168,74,686.0,245.0,220.5,North,10,Eastward,10.39,13.6,1
169,74,686.0,245.0,220.5,East,10,Eastward,10.34,13.36,1
170,74,686.0,245.0,220.5,South,10,Eastward,10.35,13.65,1
171,74,686.0,245.0,220.5,West,10,Eastward,10.38,13.49,1
172,71,710.5,269.5,220.5,North,10,Eastward,10.77,14.14,1
173,71,710.5,269.5,220.5,East,10,Eastward,10.68,13.77,1
174,71,710.5,269.5,220.5,South,10,Eastward,10.68,14.3,1
175,71,710.5,269.5,220.5,West,10,Eastward,10.7,13.87,1
176,69,735.0,294.0,220.5,North,10,Eastward,11.22,14.44,1
177,69,735.0,294.0,220.5,East,10,Eastward,11.16,14.27,1
178,69,735.0,294.0,220.5,South,10,Eastward,11.1,14.67,1
179,69,735.0,294.0,220.5,West,10,Eastward,11.14,14.4,1
180,66,759.5,318.5,220.5,North,10,Eastward,11.59,13.46,1
181,66,759.5,318.5,220.5,East,10,Eastward,11.6,13.7,1
182,66,759.5,318.5,220.5,South,10,Eastward,11.53,13.59,1
183,66,759.5,318.5,220.5,West,10,Eastward,11.61,13.83,1
184,64,784.0,343.0,220.5,North,10,Eastward,15.16,19.14,1
185,64,784.0,343.0,220.5,East,10,Eastward,15.36,19.18,1
186,64,784.0,343.0,220.5,South,10,Eastward,15.12,19.37,1
187,64,784.0,343.0,220.5,West,10,Eastward,15.36,19.29,1
188,62,808.5,367.5,220.5,North,10,Eastward,12.68,14.09,1
189,62,808.5,367.5,220.5,East,10,Eastward,12.63,14.23,1
190,62,808.5,367.5,220.5,South,10,Eastward,12.71,14.14,1
191,62,808.5,367.5,220.5,West,10,Eastward,12.73,13.89,1
192,98,514.5,294.0,110.25,North,10,Southward,24.38,25.91,2
193,98,514.5,294.0,110.25,East,10,Southward,24.23,25.72,2
194,98,514.5,294.0,110.25,South,10,Southward,24.04,26.18,2
195,98,514.5,294.0,110.25,West,10,Southward,24.32,25.87,2
196,90,563.5,318.5,122.5,North,10,Southward,29.06,29.34,2
197,90,563.5,318.5,122.5,East,10,Southward,28.05,33.91,2
198,90,563.5,318.5,122.5,South,10,Southward,28.86,32.83,2
199,90,563.5,318.5,122.5,West,10,Southward,29.79,29.92,2
200,86,588.0,294.0,147.0,North,10,Southward,26.44,27.17,2
201,86,588.0,294.0,147.0,East,10,Southward,25.37,31.76,2
202,86,588.0,294.0,147.0,South,10,Southward,26.33,31.06,2
203,86,588.0,294.0,147.0,West,10,Southward,27.03,25.81,2
204,82,612.5,318.5,147.0,North,10,Southward,23.8,24.61,2
205,82,612.5,318.5,147.0,East,10,Southward,22.8,28.61,2
206,82,612.5,318.5,147.0,South,10,Southward,23.59,27.57,2
207,82,612.5,318.5,147.0,West,10,Southward,24.24,25.16,2
208,79,637.0,343.0,147.0,North,10,Southward,36.86,34.25,2
209,79,637.0,343.0,147.0,East,10,Southward,35.89,43.3,2
210,79,637.0,343.0,147.0,South,10,Southward,35.45,41.86,2
211,79,637.0,343.0,147.0,West,10,Southward,37.1,35.29,2
212,76,661.5,416.5,122.5,North,10,Southward,33.08,34.11,2
213,76,661.5,416.5,122.5,East,10,Southward,32.38,33.62,2
214,76,661.5,416.5,122.5,South,10,Southward,33.09,33.89,2
215,76,661.5,416.5,122.5,West,10,Southward,32.31,34.05,2
216,74,686.0,245.0,220.5,North,10,Southward,10.08,13.2,1
217,74,686.0,245.0,220.5,East,10,Southward,10.15,13.36,1
218,74,686.0,245.0,220.5,South,10,Southward,10.07,13.21,1
219,74,686.0,245.0,220.5,West,10,Southward,10.14,13.53,1
220,71,710.5,269.5,220.5,North,10,Southward,10.66,13.67,1
221,71,710.5,269.5,220.5,East,10,Southward,10.68,14.12,1
222,71,710.5,269.5,220.5,South,10,Southward,10.53,13.79,1
223,71,710.5,269.5,220.5,West,10,Southward,10.72,14.2,1
224,69,735.0,294.0,220.5,North,10,Southward,11.18,14.29,1
225,69,735.0,294.0,220.5,East,10,Southward,11.22,14.49,1
226,69,735.0,294.0,220.5,South,10,Southward,11.07,14.42,1
227,69,735.0,294.0,220.5,West,10,Southward,11.2,14.73,1
228,66,759.5,318.5,220.5,North,10,Southward,11.44,14.86,1
229,66,759.5,318.5,220.5,East,10,Southward,11.42,14.67,1
230,66,759.5,318.5,220.5,South,10,Southward,11.33,15.0,1
231,66,759.5,318.5,220.5,West,10,Southward,11.43,14.83,1
232,64,784.0,343.0,220.5,North,10,Southward,15.4,19.24,1
233,64,784.0,343.0,220.5,East,10,Southward,15.19,19.25,1
234,64,784.0,343.0,220.5,South,10,Southward,15.32,19.42,1
235,64,784.0,343.0,220.5,West,10,Southward,15.16,19.48,1
236,62,808.5,367.5,220.5,North,10,Southward,12.85,14.37,1
237,62,808.5,367.5,220.5,East,10,Southward,13.04,14.34,1
238,62,808.5,367.5,220.5,South,10,Southward,13.0,14.28,1
239,62,808.5,367.5,220.5,West,10,Southward,13.0,14.47,1
240,98,514.5,294.0,110.25,North,10,Westward,24.35,25.64,2
241,98,514.5,294.0,110.25,East,10,Westward,24.33,25.98,2
242,98,514.5,294.0,110.25,South,10,Westward,24.03,25.88,2
243,98,514.5,294.0,110.25,West,10,Westward,24.26,26.18,2
244,90,563.5,318.5,122.5,North,10,Westward,29.83,29.82,2
245,90,563.5,318.5,122.5,East,10,Westward,29.08,29.52,2
246,90,563.5,318.5,122.5,South,10,Westward,28.03,34.45,2
247,90,563.5,318.5,122.5,West,10,Westward,29.02,33.01,2
248,86,588.0,294.0,147.0,North,10,Westward,27.03,25.82,2
249,86,588.0,294.0,147.0,East,10,Westward,26.45,27.33,2
250,86,588.0,294.0,147.0,South,10,Westward,25.36,32.04,2
251,86,588.0,294.0,147.0,West,10,Westward,26.45,31.28,2
252,82,612.5,318.5,147.0,North,10,Westward,24.37,25.11,2
253,82,612.5,318.5,147.0,East,10,Westward,23.89,24.77,2
254,82,612.5,318.5,147.0,South,10,Westward,22.89,28.88,2
255,82,612.5,318.5,147.0,West,10,Westward,23.86,27.69,2
256,79,637.0,343.0,147.0,North,10,Westward,37.03,34.99,2
257,79,637.0,343.0,147.0,East,10,Westward,36.71,34.18,2
258,79,637.0,343.0,147.0,South,10,Westward,36.77,43.14,2
259,79,637.0,343.0,147.0,West,10,Westward,35.48,41.26,2
260,76,661.5,416.5,122.5,North,10,Westward,32.31,34.25,2
261,76,661.5,416.5,122.5,East,10,Westward,33.21,34.35,2
262,76,661.5,416.5,122.5,South,10,Westward,32.46,33.64,2
263,76,661.5,416.5,122.5,West,10,Westward,33.27,33.88,2
264,74,686.0,245.0,220.5,North,10,Westward,10.47,13.65,1
265,74,686.0,245.0,220.5,East,10,Westward,10.37,13.44,1
266,74,686.0,245.0,220.5,South,10,Westward,10.34,13.72,1
267,74,686.0,245.0,220.5,West,10,Westward,10.39,13.5,1
268,71,710.5,269.5,220.5,North,10,Westward,10.78,14.18,1
269,71,710.5,269.5,220.5,East,10,Westward,10.7,13.75,1
270,71,710.5,269.5,220.5,South,10,Westward,10.67,14.26,1
271,71,710.5,269.5,220.5,West,10,Westward,13.69,13.89,1
272,69,735.0,294.0,220.5,North,10,Westward,11.21,14.55,1
273,69,735.0,294.0,220.5,East,10,Westward,11.14,14.28,1
274,69,735.0,294.0,220.5,South,10,Westward,11.11,14.46,1
275,69,735.0,294.0,220.5,West,10,Westward,11.16,14.39,1
276,66,759.5,318.5,220.5,North,10,Westward,11.38,14.54,1
277,66,759.5,318.5,220.5,East,10,Westward,11.34,14.81,1
278,66,759.5,318.5,220.5,South,10,Westward,11.22,14.65,1
279,66,759.5,318.5,220.5,West,10,Westward,11.34,14.87,1
280,64,784.0,343.0,220.5,North,10,Westward,15.16,19.24,1
281,64,784.0,343.0,220.5,East,10,Westward,15.37,19.18,1
282,64,784.0,343.0,220.5,South,10,Westward,15.12,19.26,1
283,64,784.0,343.0,220.5,West,10,Westward,15.36,19.29,1
284,62,808.5,367.5,220.5,North,10,Westward,12.59,14.24,1
285,62,808.5,367.5,220.5,East,10,Westward,12.74,13.97,1
286,62,808.5,367.5,220.5,South,10,Westward,12.8,13.99,1
287,62,808.5,367.5,220.5,West,10,Westward,12.62,14.15,1
288,98,514.5,294.0,110.25,North,25,Uniform,28.15,29.79,2
289,98,514.5,294.0,110.25,East,25,Uniform,28.15,29.79,2
290,98,514.5,294.0,110.25,South,25,Uniform,28.37,29.28,2
291,98,514.5,294.0,110.25,West,25,Uniform,28.41,29.49,2
292,90,563.5,318.5,122.5,North,25,Uniform,32.68,36.12,2
293,90,563.5,318.5,122.5,East,25,Uniform,33.48,33.17,2
294,90,563.5,318.5,122.5,South,25,Uniform,32.84,32.71,2
295,90,563.5,318.5,122.5,West,25,Uniform,32.0,37.58,2
296,86,588.0,294.0,147.0,North,25,Uniform,29.54,33.98,2
297,86,588.0,294.0,147.0,East,25,Uniform,30.05,28.61,2
298,86,588.0,294.0,147.0,South,25,Uniform,29.6,30.12,2
299,86,588.0,294.0,147.0,West,25,Uniform,28.66,34.73,2
300,82,612.5,318.5,147.0,North,25,Uniform,26.84,30.17,2
301,82,612.5,318.5,147.0,East,25,Uniform,27.27,27.84,2
302,82,612.5,318.5,147.0,South,25,Uniform,26.97,27.25,2
303,82,612.5,318.5,147.0,West,25,Uniform,26.19,31.39,2
304,79,637.0,343.0,147.0,North,25,Uniform,38.67,43.8,2
305,79,637.0,343.0,147.0,East,25,Uniform,40.03,37.81,2
306,79,637.0,343.0,147.0,South,25,Uniform,39.86,36.85,2
307,79,637.0,343.0,147.0,West,25,Uniform,39.04,45.52,2
308,76,661.5,416.5,122.5,North,25,Uniform,36.96,36.85,2
309,76,661.5,416.5,122.5,East,25,Uniform,36.13,37.58,2
310,76,661.5,416.5,122.5,South,25,Uniform,36.91,37.45,2
311,76,661.5,416.5,122.5,West,25,Uniform,36.43,36.62,2
312,74,686.0,245.0,220.5,North,25,Uniform,12.43,15.19,1
313,74,686.0,245.0,220.5,East,25,Uniform,12.5,15.5,1
314,74,686.0,245.0,220.5,South,25,Uniform,12.41,15.28,1
315,74,686.0,245.0,220.5,West,25,Uniform,12.45,15.5,1
316,71,710.5,269.5,220.5,North,25,Uniform,12.57,15.42,1
317,71,710.5,269.5,220.5,East,25,Uniform,12.65,15.85,1
318,71,710.5,269.5,220.5,South,25,Uniform,12.57,15.44,1
319,71,710.5,269.5,220.5,West,25,Uniform,12.63,15.81,1
320,69,735.0,294.0,220.5,North,25,Uniform,12.78,15.21,1
321,69,735.0,294.0,220.5,East,25,Uniform,12.93,15.63,1
322,69,735.0,294.0,220.5,South,25,Uniform,12.73,15.48,1
323,69,735.0,294.0,220.5,West,25,Uniform,12.72,15.78,1
324,66,759.5,318.5,220.5,North,25,Uniform,13.17,16.39,1
325,66,759.5,318.5,220.5,East,25,Uniform,13.18,16.27,1
326,66,759.5,318.5,220.5,South,25,Uniform,13.17,16.39,1
327,66,759.5,318.5,220.5,West,25,Uniform,13.18,16.19,1
328,64,784.0,343.0,220.5,North,25,Uniform,17.5,21.13,1
329,64,784.0,343.0,220.5,East,25,Uniform,17.35,21.19,1
330,64,784.0,343.0,220.5,South,25,Uniform,17.52,21.09,1
331,64,784.0,343.0,220.5,West,25,Uniform,17.37,21.08,1
332,62,808.5,367.5,220.5,North,25,Uniform,15.09,15.77,1
333,62,808.5,367.5,220.5,East,25,Uniform,15.12,15.95,1
334,62,808.5,367.5,220.5,South,25,Uniform,15.08,15.77,1
335,62,808.5,367.5,220.5,West,25,Uniform,15.16,15.76,1
336,98,514.5,294.0,110.25,North,25,Northward,28.67,29.62,2
337,98,514.5,294.0,110.25,East,25,Northward,28.57,29.69,2
338,98,514.5,294.0,110.25,South,25,Northward,28.18,30.18,2
339,98,514.5,294.0,110.25,West,25,Northward,28.6,30.02,2
340,90,563.5,318.5,122.5,North,25,Northward,32.46,35.56,2
341,90,563.5,318.5,122.5,East,25,Northward,33.27,32.64,2
342,90,563.5,318.5,122.5,South,25,Northward,32.33,32.77,2
343,90,563.5,318.5,122.5,West,25,Northward,31.66,37.72,2
344,86,588.0,294.0,147.0,North,25,Northward,29.34,33.37,2
345,86,588.0,294.0,147.0,East,25,Northward,29.87,27.89,2
346,86,588.0,294.0,147.0,South,25,Northward,29.27,29.9,2
347,86,588.0,294.0,147.0,West,25,Northward,28.4,34.52,2
348,82,612.5,318.5,147.0,North,25,Northward,25.74,28.27,2
349,82,612.5,318.5,147.0,East,25,Northward,25.98,26.96,2
350,82,612.5,318.5,147.0,South,25,Northward,25.38,26.72,2
351,82,612.5,318.5,147.0,West,25,Northward,24.94,29.88,2
352,79,637.0,343.0,147.0,North,25,Northward,38.57,43.86,2
353,79,637.0,343.0,147.0,East,25,Northward,40.19,37.41,2
354,79,637.0,343.0,147.0,South,25,Northward,39.97,36.77,2
355,79,637.0,343.0,147.0,West,25,Northward,38.98,45.97,2
356,76,661.5,416.5,122.5,North,25,Northward,36.95,36.87,2
357,76,661.5,416.5,122.5,East,25,Northward,36.28,37.35,2
358,76,661.5,416.5,122.5,South,25,Northward,36.86,37.28,2
359,76,661.5,416.5,122.5,West,25,Northward,36.45,36.81,2
360,74,686.0,245.0,220.5,North,25,Northward,12.35,14.73,1
361,74,686.0,245.0,220.5,East,25,Northward,12.45,15.1,1
362,74,686.0,245.0,220.5,South,25,Northward,12.16,15.18,1
363,74,686.0,245.0,220.5,West,25,Northward,12.3,15.44,1
364,71,710.5,269.5,220.5,North,25,Northward,12.33,14.91,1
365,71,710.5,269.5,220.5,East,25,Northward,12.29,15.4,1
366,71,710.5,269.5,220.5,South,25,Northward,12.2,14.94,1
367,71,710.5,269.5,220.5,West,25,Northward,12.49,15.32,1
368,69,735.0,294.0,220.5,North,25,Northward,12.85,15.52,1
369,69,735.0,294.0,220.5,East,25,Northward,12.87,15.85,1
370,69,735.0,294.0,220.5,South,25,Northward,12.73,15.66,1
371,69,735.0,294.0,220.5,West,25,Northward,12.95,15.99,1
372,66,759.5,318.5,220.5,North,25,Northward,13.05,15.89,1
373,66,759.5,318.5,220.5,East,25,Northward,12.93,15.85,1
374,66,759.5,318.5,220.5,South,25,Northward,12.77,16.22,1
375,66,759.5,318.5,220.5,West,25,Northward,13.0,15.87,1
376,64,784.0,343.0,220.5,North,25,Northward,17.14,20.47,1
377,64,784.0,343.0,220.5,East,25,Northward,16.84,20.56,1
378,64,784.0,343.0,220.5,South,25,Northward,17.02,20.48,1
379,64,784.0,343.0,220.5,West,25,Northward,17.11,20.43,1
380,62,808.5,367.5,220.5,North,25,Northward,14.34,15.32,1
381,62,808.5,367.5,220.5,East,25,Northward,14.66,15.64,1
382,62,808.5,367.5,220.5,South,25,Northward,14.6,15.14,1
383,62,808.5,367.5,220.5,West,25,Northward,14.6,15.3,1
384,98,514.5,294.0,110.25,North,25,Eastward,28.67,29.43,2
385,98,514.5,294.0,110.25,East,25,Eastward,28.56,29.78,2
386,98,514.5,294.0,110.25,South,25,Eastward,28.17,30.1,2
387,98,514.5,294.0,110.25,West,25,Eastward,28.63,30.19,2
388,90,563.5,318.5,122.5,North,25,Eastward,31.63,36.35,2
389,90,563.5,318.5,122.5,East,25,Eastward,32.4,35.1,2
390,90,563.5,318.5,122.5,South,25,Eastward,32.68,32.83,2
391,90,563.5,318.5,122.5,West,25,Eastward,32.29,32.46,2
392,86,588.0,294.0,147.0,North,25,Eastward,28.4,33.52,2
393,86,588.0,294.0,147.0,East,25,Eastward,29.4,32.93,2
394,86,588.0,294.0,147.0,South,25,Eastward,29.43,28.38,2
395,86,588.0,294.0,147.0,West,25,Eastward,29.07,29.82,2
396,82,612.5,318.5,147.0,North,25,Eastward,24.7,28.77,2
397,82,612.5,318.5,147.0,East,25,Eastward,25.48,27.76,2
398,82,612.5,318.5,147.0,South,25,Eastward,25.37,26.95,2
399,82,612.5,318.5,147.0,West,25,Eastward,25.17,26.41,2
400,79,637.0,343.0,147.0,North,25,Eastward,39.04,45.13,2
401,79,637.0,343.0,147.0,East,25,Eastward,38.35,43.66,2
402,79,637.0,343.0,147.0,South,25,Eastward,39.81,37.76,2
403,79,637.0,343.0,147.0,West,25,Eastward,39.83,36.87,2
404,76,661.5,416.5,122.5,North,25,Eastward,35.99,36.07,2
405,76,661.5,416.5,122.5,East,25,Eastward,36.59,36.44,2
406,76,661.5,416.5,122.5,South,25,Eastward,35.64,37.28,2
407,76,661.5,416.5,122.5,West,25,Eastward,36.52,37.29,2
408,74,686.0,245.0,220.5,North,25,Eastward,11.8,14.49,1
409,74,686.0,245.0,220.5,East,25,Eastward,12.03,13.79,1
410,74,686.0,245.0,220.5,South,25,Eastward,11.98,14.72,1
411,74,686.0,245.0,220.5,West,25,Eastward,11.69,14.76,1
412,71,710.5,269.5,220.5,North,25,Eastward,12.41,14.92,1
413,71,710.5,269.5,220.5,East,25,Eastward,12.28,14.74,1
414,71,710.5,269.5,220.5,South,25,Eastward,12.1,15.57,1
415,71,710.5,269.5,220.5,West,25,Eastward,12.19,14.94,1
416,69,735.0,294.0,220.5,North,25,Eastward,12.34,14.92,1
417,69,735.0,294.0,220.5,East,25,Eastward,12.46,14.38,1
418,69,735.0,294.0,220.5,South,25,Eastward,12.31,15.44,1
419,69,735.0,294.0,220.5,West,25,Eastward,12.12,15.17,1
420,66,759.5,318.5,220.5,North,25,Eastward,12.97,15.53,1
421,66,759.5,318.5,220.5,East,25,Eastward,13.01,15.8,1
422,66,759.5,318.5,220.5,South,25,Eastward,12.74,16.14,1
423,66,759.5,318.5,220.5,West,25,Eastward,12.84,16.26,1
424,64,784.0,343.0,220.5,North,25,Eastward,16.83,19.87,1
425,64,784.0,343.0,220.5,East,25,Eastward,16.93,20.03,1
426,64,784.0,343.0,220.5,South,25,Eastward,16.66,20.46,1
427,64,784.0,343.0,220.5,West,25,Eastward,16.86,20.28,1
428,62,808.5,367.5,220.5,North,25,Eastward,13.91,14.89,1
429,62,808.5,367.5,220.5,East,25,Eastward,14.34,14.96,1
430,62,808.5,367.5,220.5,South,25,Eastward,13.95,14.89,1
431,62,808.5,367.5,220.5,West,25,Eastward,13.99,14.35,1
432,98,514.5,294.0,110.25,North,25,Southward,28.7,29.61,2
433,98,514.5,294.0,110.25,East,25,Southward,28.55,29.59,2
434,98,514.5,294.0,110.25,South,25,Southward,28.15,30.19,2
435,98,514.5,294.0,110.25,West,25,Southward,28.62,30.12,2
436,90,563.5,318.5,122.5,North,25,Southward,32.67,32.12,2
437,90,563.5,318.5,122.5,East,25,Southward,31.69,37.12,2
438,90,563.5,318.5,122.5,South,25,Southward,32.07,36.16,2
439,90,563.5,318.5,122.5,West,25,Southward,33.28,33.16,2
440,86,588.0,294.0,147.0,North,25,Southward,29.47,29.45,2
441,86,588.0,294.0,147.0,East,25,Southward,28.42,34.19,2
442,86,588.0,294.0,147.0,South,25,Southward,29.08,33.93,2
443,86,588.0,294.0,147.0,West,25,Southward,29.88,28.31,2
444,82,612.5,318.5,147.0,North,25,Southward,25.66,26.3,2
445,82,612.5,318.5,147.0,East,25,Southward,24.96,29.43,2
446,82,612.5,318.5,147.0,South,25,Southward,25.43,28.76,2
447,82,612.5,318.5,147.0,West,25,Southward,26.0,27.34,2
448,79,637.0,343.0,147.0,North,25,Southward,40.0,36.26,2
449,79,637.0,343.0,147.0,East,25,Southward,38.84,45.48,2
450,79,637.0,343.0,147.0,South,25,Southward,38.33,44.16,2
451,79,637.0,343.0,147.0,West,25,Southward,40.12,37.26,2
452,76,661.5,416.5,122.5,North,25,Southward,36.95,37.2,2
453,76,661.5,416.5,122.5,East,25,Southward,36.45,36.76,2
454,76,661.5,416.5,122.5,South,25,Southward,36.81,37.05,2
455,76,661.5,416.5,122.5,West,25,Southward,36.26,37.51,2
456,74,686.0,245.0,220.5,North,25,Southward,12.32,14.92,1
457,74,686.0,245.0,220.5,East,25,Southward,12.3,15.24,1
458,74,686.0,245.0,220.5,South,25,Southward,12.18,15.03,1
459,74,686.0,245.0,220.5,West,25,Southward,12.43,15.35,1
460,71,710.5,269.5,220.5,North,25,Southward,12.36,14.67,1
461,71,710.5,269.5,220.5,East,25,Southward,12.49,15.09,1
462,71,710.5,269.5,220.5,South,25,Southward,12.17,15.2,1
463,71,710.5,269.5,220.5,West,25,Southward,12.28,15.64,1
464,69,735.0,294.0,220.5,North,25,Southward,12.91,15.37,1
465,69,735.0,294.0,220.5,East,25,Southward,12.95,15.73,1
466,69,735.0,294.0,220.5,South,25,Southward,12.67,15.83,1
467,69,735.0,294.0,220.5,West,25,Southward,12.86,16.13,1
468,66,759.5,318.5,220.5,North,25,Southward,12.95,15.95,1
469,66,759.5,318.5,220.5,East,25,Southward,13.0,15.59,1
470,66,759.5,318.5,220.5,South,25,Southward,12.86,16.17,1
471,66,759.5,318.5,220.5,West,25,Southward,12.92,16.14,1
472,64,784.0,343.0,220.5,North,25,Southward,16.99,19.65,1
473,64,784.0,343.0,220.5,East,25,Southward,16.69,19.76,1
474,64,784.0,343.0,220.5,South,25,Southward,16.56,20.37,1
475,64,784.0,343.0,220.5,West,25,Southward,16.62,19.9,1
476,62,808.5,367.5,220.5,North,25,Southward,14.33,15.41,1
477,62,808.5,367.5,220.5,East,25,Southward,14.61,15.56,1
478,62,808.5,367.5,220.5,South,25,Southward,14.61,15.07,1
479,62,808.5,367.5,220.5,West,25,Southward,14.65,15.38,1
480,98,514.5,294.0,110.25,North,25,Westward,28.69,29.53,2
481,98,514.5,294.0,110.25,East,25,Westward,28.58,29.77,2
482,98,514.5,294.0,110.25,South,25,Westward,28.15,30.0,2
483,98,514.5,294.0,110.25,West,25,Westward,28.61,30.2,2
484,90,563.5,318.5,122.5,North,25,Westward,33.13,32.25,2
485,90,563.5,318.5,122.5,East,25,Westward,32.31,32.0,2
486,90,563.5,318.5,122.5,South,25,Westward,31.53,37.19,2
487,90,563.5,318.5,122.5,West,25,Westward,32.46,35.62,2
488,86,588.0,294.0,147.0,North,25,Westward,29.71,28.02,2
489,86,588.0,294.0,147.0,East,25,Westward,29.09,29.43,2
490,86,588.0,294.0,147.0,South,25,Westward,28.31,34.15,2
491,86,588.0,294.0,147.0,West,25,Westward,29.39,33.47,2
492,82,612.5,318.5,147.0,North,25,Westward,25.7,26.53,2
493,82,612.5,318.5,147.0,East,25,Westward,25.17,26.08,2
494,82,612.5,318.5,147.0,South,25,Westward,24.6,29.31,2
495,82,612.5,318.5,147.0,West,25,Westward,25.49,28.14,2
496,79,637.0,343.0,147.0,North,25,Westward,39.89,37.54,2
497,79,637.0,343.0,147.0,East,25,Westward,39.83,36.66,2
498,79,637.0,343.0,147.0,South,25,Westward,39.01,45.28,2
499,79,637.0,343.0,147.0,West,25,Westward,38.65,43.73,2
500,76,661.5,416.5,122.5,North,25,Westward,35.69,36.93,2
501,76,661.5,416.5,122.5,East,25,Westward,36.64,37.01,2
502,76,661.5,416.5,122.5,South,25,Westward,36.06,35.73,2
503,76,661.5,416.5,122.5,West,25,Westward,36.7,36.15,2
504,74,686.0,245.0,220.5,North,25,Westward,12.12,14.48,1
505,74,686.0,245.0,220.5,East,25,Westward,11.67,14.58,1
506,74,686.0,245.0,220.5,South,25,Westward,11.64,14.81,1
507,74,686.0,245.0,220.5,West,25,Westward,12.02,14.03,1
508,71,710.5,269.5,220.5,North,25,Westward,12.27,15.27,1
509,71,710.5,269.5,220.5,East,25,Westward,12.19,14.71,1
510,71,710.5,269.5,220.5,South,25,Westward,12.25,15.23,1
511,71,710.5,269.5,220.5,West,25,Westward,12.27,14.97,1
512,69,735.0,294.0,220.5,North,25,Westward,12.47,15.14,1
513,69,735.0,294.0,220.5,East,25,Westward,12.12,14.97,1
514,69,735.0,294.0,220.5,South,25,Westward,12.18,15.22,1
515,69,735.0,294.0,220.5,West,25,Westward,12.47,14.6,1
516,66,759.5,318.5,220.5,North,25,Westward,12.93,15.83,1
517,66,759.5,318.5,220.5,East,25,Westward,12.82,16.03,1
518,66,759.5,318.5,220.5,South,25,Westward,12.78,15.8,1
519,66,759.5,318.5,220.5,West,25,Westward,13.02,16.06,1
520,64,784.0,343.0,220.5,North,25,Westward,16.73,20.13,1
521,64,784.0,343.0,220.5,East,25,Westward,16.86,20.01,1
522,64,784.0,343.0,220.5,South,25,Westward,16.76,20.19,1
523,64,784.0,343.0,220.5,West,25,Westward,16.92,20.29,1
524,62,808.5,367.5,220.5,North,25,Westward,13.68,15.19,1
525,62,808.5,367.5,220.5,East,25,Westward,13.99,14.61,1
526,62,808.5,367.5,220.5,South,25,Westward,14.16,14.61,1
527,62,808.5,367.5,220.5,West,25,Westward,13.86,14.75,1
528,98,514.5,294.0,110.25,North,40,Uniform,32.26,33.37,2
529,98,514.5,294.0,110.25,East,40,Uniform,32.26,33.34,2
530,98,514.5,294.0,110.25,South,40,Uniform,32.49,32.83,2
531,98,514.5,294.0,110.25,West,40,Uniform,32.53,33.04,2
532,90,563.5,318.5,122.5,North,40,Uniform,36.47,39.28,2
533,90,563.5,318.5,122.5,East,40,Uniform,37.24,36.38,2
534,90,563.5,318.5,122.5,South,40,Uniform,36.66,35.92,2
535,90,563.5,318.5,122.5,West,40,Uniform,35.96,40.99,2
536,86,588.0,294.0,147.0,North,40,Uniform,31.89,35.99,2
537,86,588.0,294.0,147.0,East,40,Uniform,32.39,30.66,2
538,86,588.0,294.0,147.0,South,40,Uniform,32.09,31.7,2
539,86,588.0,294.0,147.0,West,40,Uniform,31.29,36.73,2
540,82,612.5,318.5,147.0,North,40,Uniform,29.22,31.71,2
541,82,612.5,318.5,147.0,East,40,Uniform,29.91,29.13,2
542,82,612.5,318.5,147.0,South,40,Uniform,29.53,28.99,2
543,82,612.5,318.5,147.0,West,40,Uniform,28.65,33.54,2
544,79,637.0,343.0,147.0,North,40,Uniform,41.4,45.29,2
545,79,637.0,343.0,147.0,East,40,Uniform,42.62,39.07,2
546,79,637.0,343.0,147.0,South,40,Uniform,42.5,38.35,2
547,79,637.0,343.0,147.0,West,40,Uniform,41.67,46.94,2
548,76,661.5,416.5,122.5,North,40,Uniform,40.78,39.55,2
549,76,661.5,416.5,122.5,East,40,Uniform,39.97,40.85,2
550,76,661.5,416.5,122.5,South,40,Uniform,40.71,40.63,2
551,76,661.5,416.5,122.5,West,40,Uniform,40.43,39.48,2
552,74,686.0,245.0,220.5,North,40,Uniform,14.52,16.94,1
553,74,686.0,245.0,220.5,East,40,Uniform,14.61,17.25,1
554,74,686.0,245.0,220.5,South,40,Uniform,14.5,17.03,1
555,74,686.0,245.0,220.5,West,40,Uniform,14.55,17.25,1
556,71,710.5,269.5,220.5,North,40,Uniform,14.51,17.1,1
557,71,710.5,269.5,220.5,East,40,Uniform,14.6,17.51,1
558,71,710.5,269.5,220.5,South,40,Uniform,14.5,17.12,1
559,71,710.5,269.5,220.5,West,40,Uniform,14.58,17.47,1
560,69,735.0,294.0,220.5,North,40,Uniform,14.51,16.5,1
561,69,735.0,294.0,220.5,East,40,Uniform,14.7,17.0,1
562,69,735.0,294.0,220.5,South,40,Uniform,14.42,16.87,1
563,69,735.0,294.0,220.5,West,40,Uniform,14.42,17.2,1
564,66,759.5,318.5,220.5,North,40,Uniform,15.23,18.14,1
565,66,759.5,318.5,220.5,East,40,Uniform,15.23,18.03,1
566,66,759.5,318.5,220.5,South,40,Uniform,15.23,18.14,1
567,66,759.5,318.5,220.5,West,40,Uniform,15.23,17.95,1
568,64,784.0,343.0,220.5,North,40,Uniform,19.52,22.72,1
569,64,784.0,343.0,220.5,East,40,Uniform,19.36,22.73,1
570,64,784.0,343.0,220.5,South,40,Uniform,19.48,22.72,1
571,64,784.0,343.0,220.5,West,40,Uniform,19.42,22.53,1
572,62,808.5,367.5,220.5,North,40,Uniform,15.09,17.2,1
573,62,808.5,367.5,220.5,East,40,Uniform,17.17,17.21,1
574,62,808.5,367.5,220.5,South,40,Uniform,17.14,17.15,1
575,62,808.5,367.5,220.5,West,40,Uniform,17.14,17.2,1
576,98,514.5,294.0,110.25,North,40,Northward,32.82,32.96,2
577,98,514.5,294.0,110.25,East,40,Northward,32.71,33.13,2
578,98,514.5,294.0,110.25,South,40,Northward,32.24,33.94,2
579,98,514.5,294.0,110.25,West,40,Northward,32.72,33.78,2
580,90,563.5,318.5,122.5,North,40,Northward,35.84,38.35,2
581,90,563.5,318.5,122.5,East,40,Northward,36.57,35.39,2
582,90,563.5,318.5,122.5,South,40,Northward,36.06,34.94,2
583,90,563.5,318.5,122.5,West,40,Northward,35.69,40.66,2
584,86,588.0,294.0,147.0,North,40,Northward,32.48,35.48,2
585,86,588.0,294.0,147.0,East,40,Northward,32.74,30.53,2
586,86,588.0,294.0,147.0,South,40,Northward,32.13,32.28,2
587,86,588.0,294.0,147.0,West,40,Northward,31.64,36.86,2
588,82,612.5,318.5,147.0,North,40,Northward,28.95,30.34,2
589,82,612.5,318.5,147.0,East,40,Northward,29.49,27.93,2
590,82,612.5,318.5,147.0,South,40,Northward,28.64,28.95,2
591,82,612.5,318.5,147.0,West,40,Northward,28.01,32.92,2
592,79,637.0,343.0,147.0,North,40,Northward,41.64,45.59,2
593,79,637.0,343.0,147.0,East,40,Northward,43.1,39.41,2
594,79,637.0,343.0,147.0,South,40,Northward,42.74,38.84,2
595,79,637.0,343.0,147.0,West,40,Northward,41.92,48.03,2
596,76,661.5,416.5,122.5,North,40,Northward,40.78,39.48,2
597,76,661.5,416.5,122.5,East,40,Northward,40.15,40.4,2
598,76,661.5,416.5,122.5,South,40,Northward,40.57,40.47,2
599,76,661.5,416.5,122.5,West,40,Northward,40.42,39.7,2
600,74,686.0,245.0,220.5,North,40,Northward,14.54,16.43,1
601,74,686.0,245.0,220.5,East,40,Northward,14.45,16.93,1
602,74,686.0,245.0,220.5,South,40,Northward,14.18,16.99,1
603,74,686.0,245.0,220.5,West,40,Northward,14.5,17.03,1
604,71,710.5,269.5,220.5,North,40,Northward,14.7,16.77,1
605,71,710.5,269.5,220.5,East,40,Northward,14.66,17.37,1
606,71,710.5,269.5,220.5,South,40,Northward,14.4,17.27,1
607,71,710.5,269.5,220.5,West,40,Northward,14.71,17.51,1
608,69,735.0,294.0,220.5,North,40,Northward,14.75,16.44,1
609,69,735.0,294.0,220.5,East,40,Northward,14.71,17.01,1
610,69,735.0,294.0,220.5,South,40,Northward,14.33,17.23,1
611,69,735.0,294.0,220.5,West,40,Northward,14.62,17.22,1
612,66,759.5,318.5,220.5,North,40,Northward,15.34,17.85,1
613,66,759.5,318.5,220.5,East,40,Northward,15.29,17.89,1
614,66,759.5,318.5,220.5,South,40,Northward,15.09,18.36,1
615,66,759.5,318.5,220.5,West,40,Northward,15.3,18.15,1
616,64,784.0,343.0,220.5,North,40,Northward,19.2,21.72,1
617,64,784.0,343.0,220.5,East,40,Northward,18.88,22.07,1
618,64,784.0,343.0,220.5,South,40,Northward,18.9,22.09,1
619,64,784.0,343.0,220.5,West,40,Northward,19.12,21.93,1
620,62,808.5,367.5,220.5,North,40,Northward,16.76,17.36,1
621,62,808.5,367.5,220.5,East,40,Northward,17.23,17.38,1
622,62,808.5,367.5,220.5,South,40,Northward,17.26,16.86,1
623,62,808.5,367.5,220.5,West,40,Northward,17.15,16.99,1
624,98,514.5,294.0,110.25,North,40,Eastward,32.82,32.78,2
625,98,514.5,294.0,110.25,East,40,Eastward,32.69,33.24,2
626,98,514.5,294.0,110.25,South,40,Eastward,32.23,33.86,2
627,98,514.5,294.0,110.25,West,40,Eastward,32.75,34.0,2
628,90,563.5,318.5,122.5,North,40,Eastward,34.24,37.26,2
629,90,563.5,318.5,122.5,East,40,Eastward,34.95,35.04,2
630,90,563.5,318.5,122.5,South,40,Eastward,35.05,33.82,2
631,90,563.5,318.5,122.5,West,40,Eastward,34.29,33.31,2
632,86,588.0,294.0,147.0,North,40,Eastward,31.28,35.22,2
633,86,588.0,294.0,147.0,East,40,Eastward,32.12,34.7,2
634,86,588.0,294.0,147.0,South,40,Eastward,32.05,30.11,2
635,86,588.0,294.0,147.0,West,40,Eastward,31.84,31.6,2
636,82,612.5,318.5,147.0,North,40,Eastward,28.67,32.43,2
637,82,612.5,318.5,147.0,East,40,Eastward,29.67,30.65,2
638,82,612.5,318.5,147.0,South,40,Eastward,29.47,29.77,2
639,82,612.5,318.5,147.0,West,40,Eastward,28.91,29.64,2
640,79,637.0,343.0,147.0,North,40,Eastward,41.26,46.44,2
641,79,637.0,343.0,147.0,East,40,Eastward,41.3,44.18,2
642,79,637.0,343.0,147.0,South,40,Eastward,42.49,38.81,2
643,79,637.0,343.0,147.0,West,40,Eastward,42.08,38.23,2
644,76,661.5,416.5,122.5,North,40,Eastward,39.32,38.17,2
645,76,661.5,416.5,122.5,East,40,Eastward,39.84,38.48,2
646,76,661.5,416.5,122.5,South,40,Eastward,38.89,39.66,2
647,76,661.5,416.5,122.5,West,40,Eastward,39.68,40.1,2
648,74,686.0,245.0,220.5,North,40,Eastward,13.97,16.08,1
649,74,686.0,245.0,220.5,East,40,Eastward,14.22,15.39,1
650,74,686.0,245.0,220.5,South,40,Eastward,14.1,16.57,1
651,74,686.0,245.0,220.5,West,40,Eastward,13.78,16.6,1
652,71,710.5,269.5,220.5,North,40,Eastward,14.07,16.11,1
653,71,710.5,269.5,220.5,East,40,Eastward,14.03,15.47,1
654,71,710.5,269.5,220.5,South,40,Eastward,13.94,16.7,1
655,71,710.5,269.5,220.5,West,40,Eastward,13.86,16.1,1
656,69,735.0,294.0,220.5,North,40,Eastward,14.32,16.35,1
657,69,735.0,294.0,220.5,East,40,Eastward,14.56,15.84,1
658,69,735.0,294.0,220.5,South,40,Eastward,14.33,16.99,1
659,69,735.0,294.0,220.5,West,40,Eastward,14.08,17.02,1
660,66,759.5,318.5,220.5,North,40,Eastward,15.16,17.04,1
661,66,759.5,318.5,220.5,East,40,Eastward,15.18,17.63,1
662,66,759.5,318.5,220.5,South,40,Eastward,14.72,18.1,1
663,66,759.5,318.5,220.5,West,40,Eastward,14.9,18.22,1
664,64,784.0,343.0,220.5,North,40,Eastward,18.48,20.78,1
665,64,784.0,343.0,220.5,East,40,Eastward,18.71,20.72,1
666,64,784.0,343.0,220.5,South,40,Eastward,18.48,21.54,1
667,64,784.0,343.0,220.5,West,40,Eastward,18.46,21.53,1
668,62,808.5,367.5,220.5,North,40,Eastward,16.47,16.9,1
669,62,808.5,367.5,220.5,East,40,Eastward,16.35,17.14,1
670,62,808.5,367.5,220.5,South,40,Eastward,16.55,16.56,1
671,62,808.5,367.5,220.5,West,40,Eastward,16.74,16.0,1
672,98,514.5,294.0,110.25,North,40,Southward,32.85,32.95,2
673,98,514.5,294.0,110.25,East,40,Southward,32.67,33.06,2
674,98,514.5,294.0,110.25,South,40,Southward,32.21,33.95,2
675,98,514.5,294.0,110.25,West,40,Southward,32.74,33.88,2
676,90,563.5,318.5,122.5,North,40,Southward,36.45,33.98,2
677,90,563.5,318.5,122.5,East,40,Southward,35.73,39.92,2
678,90,563.5,318.5,122.5,South,40,Southward,35.4,39.22,2
679,90,563.5,318.5,122.5,West,40,Southward,36.57,36.1,2
680,86,588.0,294.0,147.0,North,40,Southward,32.38,31.53,2
681,86,588.0,294.0,147.0,East,40,Southward,31.66,36.2,2
682,86,588.0,294.0,147.0,South,40,Southward,32.15,36.21,2
683,86,588.0,294.0,147.0,West,40,Southward,32.75,31.0,2
684,82,612.5,318.5,147.0,North,40,Southward,28.93,28.2,2
685,82,612.5,318.5,147.0,East,40,Southward,28.05,32.35,2
686,82,612.5,318.5,147.0,South,40,Southward,28.64,31.14,2
687,82,612.5,318.5,147.0,West,40,Southward,29.52,28.43,2
688,79,637.0,343.0,147.0,North,40,Southward,42.77,38.33,2
689,79,637.0,343.0,147.0,East,40,Southward,41.73,47.59,2
690,79,637.0,343.0,147.0,South,40,Southward,41.32,46.23,2
691,79,637.0,343.0,147.0,West,40,Southward,42.96,39.56,2
692,76,661.5,416.5,122.5,North,40,Southward,40.68,40.36,2
693,76,661.5,416.5,122.5,East,40,Southward,40.4,39.67,2
694,76,661.5,416.5,122.5,South,40,Southward,40.6,39.85,2
695,76,661.5,416.5,122.5,West,40,Southward,40.11,40.77,2
696,74,686.0,245.0,220.5,North,40,Southward,14.37,16.61,1
697,74,686.0,245.0,220.5,East,40,Southward,14.48,16.74,1
698,74,686.0,245.0,220.5,South,40,Southward,14.32,16.9,1
699,74,686.0,245.0,220.5,West,40,Southward,14.44,17.32,1
700,71,710.5,269.5,220.5,North,40,Southward,14.6,16.85,1
701,71,710.5,269.5,220.5,East,40,Southward,14.7,17.2,1
702,71,710.5,269.5,220.5,South,40,Southward,14.47,17.23,1
703,71,710.5,269.5,220.5,West,40,Southward,14.66,17.74,1
704,69,735.0,294.0,220.5,North,40,Southward,14.54,16.81,1
705,69,735.0,294.0,220.5,East,40,Southward,14.62,16.88,1
706,69,735.0,294.0,220.5,South,40,Southward,14.53,16.9,1
707,69,735.0,294.0,220.5,West,40,Southward,14.71,17.39,1
708,66,759.5,318.5,220.5,North,40,Southward,15.34,17.86,1
709,66,759.5,318.5,220.5,East,40,Southward,15.29,17.82,1
710,66,759.5,318.5,220.5,South,40,Southward,15.09,18.36,1
711,66,759.5,318.5,220.5,West,40,Southward,15.3,18.24,1
712,64,784.0,343.0,220.5,North,40,Southward,19.06,21.68,1
713,64,784.0,343.0,220.5,East,40,Southward,19.13,21.54,1
714,64,784.0,343.0,220.5,South,40,Southward,19.0,22.25,1
715,64,784.0,343.0,220.5,West,40,Southward,18.84,22.49,1
716,62,808.5,367.5,220.5,North,40,Southward,16.44,17.1,1
717,62,808.5,367.5,220.5,East,40,Southward,16.9,16.79,1
718,62,808.5,367.5,220.5,South,40,Southward,16.94,16.58,1
719,62,808.5,367.5,220.5,West,40,Southward,16.77,16.79,1
720,98,514.5,294.0,110.25,North,40,Westward,32.84,32.88,2
721,98,514.5,294.0,110.25,East,40,Westward,32.72,33.23,2
722,98,514.5,294.0,110.25,South,40,Westward,32.21,33.76,2
723,98,514.5,294.0,110.25,West,40,Westward,32.73,34.01,2
724,90,563.5,318.5,122.5,North,40,Westward,35.67,33.94,2
725,90,563.5,318.5,122.5,East,40,Westward,35.01,33.14,2
726,90,563.5,318.5,122.5,South,40,Westward,34.72,38.79,2
727,90,563.5,318.5,122.5,West,40,Westward,35.24,37.27,2
728,86,588.0,294.0,147.0,North,40,Westward,32.31,29.69,2
729,86,588.0,294.0,147.0,East,40,Westward,31.81,31.2,2
730,86,588.0,294.0,147.0,South,40,Westward,31.12,36.26,2
731,86,588.0,294.0,147.0,West,40,Westward,32.06,35.71,2
732,82,612.5,318.5,147.0,North,40,Westward,30.0,29.93,2
733,82,612.5,318.5,147.0,East,40,Westward,29.5,29.56,2
734,82,612.5,318.5,147.0,South,40,Westward,29.06,33.84,2
735,82,612.5,318.5,147.0,West,40,Westward,29.92,32.54,2
736,79,637.0,343.0,147.0,North,40,Westward,42.11,38.56,2
737,79,637.0,343.0,147.0,East,40,Westward,41.96,37.7,2
738,79,637.0,343.0,147.0,South,40,Westward,41.09,47.01,2
739,79,637.0,343.0,147.0,West,40,Westward,40.79,44.87,2
740,76,661.5,416.5,122.5,North,40,Westward,38.82,39.37,2
741,76,661.5,416.5,122.5,East,40,Westward,39.72,39.8,2
742,76,661.5,416.5,122.5,South,40,Westward,39.31,37.79,2
743,76,661.5,416.5,122.5,West,40,Westward,39.86,38.18,2
744,74,686.0,245.0,220.5,North,40,Westward,14.41,16.69,1
745,74,686.0,245.0,220.5,East,40,Westward,14.19,16.62,1
746,74,686.0,245.0,220.5,South,40,Westward,14.17,16.94,1
747,74,686.0,245.0,220.5,West,40,Westward,14.39,16.7,1
748,71,710.5,269.5,220.5,North,40,Westward,12.43,15.59,1
749,71,710.5,269.5,220.5,East,40,Westward,12.63,14.58,1
750,71,710.5,269.5,220.5,South,40,Westward,12.76,15.33,1
751,71,710.5,269.5,220.5,West,40,Westward,12.42,15.31,1
752,69,735.0,294.0,220.5,North,40,Westward,14.12,16.63,1
753,69,735.0,294.0,220.5,East,40,Westward,14.28,15.87,1
754,69,735.0,294.0,220.5,South,40,Westward,14.37,16.54,1
755,69,735.0,294.0,220.5,West,40,Westward,14.21,16.74,1
756,66,759.5,318.5,220.5,North,40,Westward,14.96,17.64,1
757,66,759.5,318.5,220.5,East,40,Westward,14.92,17.79,1
758,66,759.5,318.5,220.5,South,40,Westward,14.92,17.55,1
759,66,759.5,318.5,220.5,West,40,Westward,15.16,18.06,1
760,64,784.0,343.0,220.5,North,40,Westward,17.69,20.82,1
761,64,784.0,343.0,220.5,East,40,Westward,18.19,20.21,1
762,64,784.0,343.0,220.5,South,40,Westward,18.16,20.71,1
763,64,784.0,343.0,220.5,West,40,Westward,17.88,21.4,1
764,62,808.5,367.5,220.5,North,40,Westward,16.54,16.88,1
765,62,808.5,367.5,220.5,East,40,Westward,16.44,17.11,1
766,62,808.5,367.5,220.5,South,40,Westward,16.48,16.61,1
767,62,808.5,367.5,220.5,West,40,Westward,16.64,16.03,1
